place_id,name,place_type,state,lga,lat,lon,is_hub,nearest_node,snap_distance_m,snap_strategy,snap_note,hub_access_before,hub_access_impassable_only,hub_access_all_blocking,reachable_hubs_before,reachable_hubs_impassable_only,reachable_hubs_all_blocking,state_border_access_before,reachable_state_borders_before,hub_network_warning,isolation_category,isolation_confidence,isolation_reason,nearby_blocking_closures_json,hub_route_name,hub_route_distance_m,hub_route_geojson
qld_locality_121,Aurukun,locality_road_representative_point,QLD,Aurukun Shire,-13.35869965,141.7287788,False,308818,118.4,nearest,Nearest graph node is already in a pre-closure hub-connected component.,True,False,False,9,0,0,True,State Border,,isolated_full_closures,medium,Place cannot reach any modelled hub after active impassable closures are blocked.,"[{""closure_id"": ""qld.qldtraffic.c2c40b9b2bf9490345cd"", ""source_event_id"": ""829082"", ""distance_m"": 138673.2, ""category_norm"": ""road_closed"", ""passability_norm"": ""impassable"", ""status_norm"": ""active"", ""reason_norm"": ""fire"", ""title"": """", ""description"": ""Near Archer River Roadhouse | Road closed to all traffic"", ""road_name"": ""Peninsula Developmental Road"", ""locality"": ""Coen"", ""restrictions_text"": ""Emergency services are on scene/en-route"", ""raw_advice"": ""Emergency services are on scene/en-route"", ""raw_event_type"": ""Hazard"", ""raw_event_subtype"": ""Fire"", ""raw_impact_type"": ""Closures"", ""raw_impact_subtype"": ""Road closed to all traffic"", ""url"": ""https://api.qldtraffic.qld.gov.au/v2/events/829082""}, {""closure_id"": ""qld.qldtraffic.92e816fe3b6cf5bd28bc"", ""source_event_id"": ""770764"", ""distance_m"": 302043.7, ""category_norm"": ""road_closed"", ""passability_norm"": ""impassable"", ""status_norm"": ""active"", ""reason_norm"": ""flood"", ""title"": """", ""description"": ""Dunbar to Koolatah | Road closed to all traffic"", ""road_name"": ""Dunbar Koolatah Road / Dunbar Kowanyama Road / Koolatah Access"", ""locality"": ""Maramie / Yagoonya"", ""restrictions_text"": ""Do not drive in flood waters"", ""raw_advice"": ""Do not drive in flood waters"", ""raw_event_type"": ""Flooding"", ""raw_event_subtype"": ""Long-term flooding"", ""raw_impact_type"": ""Closures"", ""raw_impact_subtype"": ""Road closed to all traffic"", ""url"": ""https://api.qldtraffic.qld.gov.au/v2/events/770764""}, {""closure_id"": ""qld.qldtraffic.78122eb3ca8e33ecc8f2"", ""source_event_id"": ""783356"", ""distance_m"": 725401.9, ""category_norm"": ""road_closed"", ""passability_norm"": ""impassable"", ""status_norm"": ""active"", ""reason_norm"": ""flood"", ""title"": """", ""description"": ""Gregory Downs - Camooweal Road to Old Herbert Vale Road (Mount Isa LGA Only) | Road closed to all traffic"", ""road_name"": ""Riversleigh Road"", ""locality"": ""Lawn Hill"", ""restrictions_text"": ""Do not drive in flood waters"", ""raw_advice"": ""Do not drive in flood waters"", ""raw_event_type"": ""Flooding"", ""raw_event_subtype"": ""Long-term flooding"", ""raw_impact_type"": ""Closures"", ""raw_impact_subtype"": ""Road closed to all traffic"", ""url"": ""https://api.qldtraffic.qld.gov.au/v2/events/783356""}, {""closure_id"": ""qld.qldtraffic.0cc5d251bf8a8cfb5d25"", ""source_event_id"": ""788811"", ""distance_m"": 1511461.4, ""category_norm"": ""road_closed"", ""passability_norm"": ""impassable"", ""status_norm"": ""active"", ""reason_norm"": ""flood"", ""title"": """", ""description"": ""Mount Sunlight Road is closed to through traffic due to road damage | Road closed to through traffic"", ""road_name"": ""Mount Sunlight Road"", ""locality"": ""Humboldt"", ""restrictions_text"": ""Changed traffic conditions"", ""raw_advice"": ""Changed traffic conditions"", ""raw_event_type"": ""Hazard"", ""raw_event_subtype"": ""Road damage"", ""raw_impact_type"": ""Closures"", ""raw_impact_subtype"": ""Road closed to through traffic"", ""url"": ""https://api.qldtraffic.qld.gov.au/v2/events/788811""}, {""closure_id"": ""qld.qldtraffic.f86be34ccf786f961abb"", ""source_event_id"": ""787707"", ""distance_m"": 1607449.7, ""category_norm"": ""road_closed"", ""passability_norm"": ""impassable"", ""status_norm"": ""active"", ""reason_norm"": ""flood"", ""title"": """", ""description"": ""Avoid the area | Road closed to all traffic"", ""road_name"": ""Banana Mungi Road"", ""locality"": ""Banana"", ""restrictions_text"": ""Avoid the area"", ""raw_advice"": ""Avoid the area"", ""raw_event_type"": ""Hazard"", ""raw_event_subtype"": ""Road damage"", ""raw_impact_type"": ""Closures"", ""raw_impact_subtype"": ""Road closed to all traffic"", ""url"": ""https://api.qldtraffic.qld.gov.au/v2/events/787707""}]",,,
qld_locality_5563,Bamaga,locality_road_representative_point,QLD,Northern Peninsula Area Regional,-10.88802078,142.3891941,False,321205,85.2,nearest,Nearest graph node is already in a pre-closure hub-connected component.,True,False,False,9,0,0,True,State Border,,isolated_full_closures,medium,Place cannot reach any modelled hub after active impassable closures are blocked.,"[{""closure_id"": ""qld.qldtraffic.c2c40b9b2bf9490345cd"", ""source_event_id"": ""829082"", ""distance_m"": 301083.0, ""category_norm"": ""road_closed"", ""passability_norm"": ""impassable"", ""status_norm"": ""active"", ""reason_norm"": ""fire"", ""title"": """", ""description"": ""Near Archer River Roadhouse | Road closed to all traffic"", ""road_name"": ""Peninsula Developmental Road"", ""locality"": ""Coen"", ""restrictions_text"": ""Emergency services are on scene/en-route"", ""raw_advice"": ""Emergency services are on scene/en-route"", ""raw_event_type"": ""Hazard"", ""raw_event_subtype"": ""Fire"", ""raw_impact_type"": ""Closures"", ""raw_impact_subtype"": ""Road closed to all traffic"", ""url"": ""https://api.qldtraffic.qld.gov.au/v2/events/829082""}, {""closure_id"": ""qld.qldtraffic.92e816fe3b6cf5bd28bc"", ""source_event_id"": ""770764"", ""distance_m"": 572773.4, ""category_norm"": ""road_closed"", ""passability_norm"": ""impassable"", ""status_norm"": ""active"", ""reason_norm"": ""flood"", ""title"": """", ""description"": ""Dunbar to Koolatah | Road closed to all traffic"", ""road_name"": ""Dunbar Koolatah Road / Dunbar Kowanyama Road / Koolatah Access"", ""locality"": ""Maramie / Yagoonya"", ""restrictions_text"": ""Do not drive in flood waters"", ""raw_advice"": ""Do not drive in flood waters"", ""raw_event_type"": ""Flooding"", ""raw_event_subtype"": ""Long-term flooding"", ""raw_impact_type"": ""Closures"", ""raw_impact_subtype"": ""Road closed to all traffic"", ""url"": ""https://api.qldtraffic.qld.gov.au/v2/events/770764""}, {""closure_id"": ""qld.qldtraffic.78122eb3ca8e33ecc8f2"", ""source_event_id"": ""783356"", ""distance_m"": 1009969.3, ""category_norm"": ""road_closed"", ""passability_norm"": ""impassable"", ""status_norm"": ""active"", ""reason_norm"": ""flood"", ""title"": """", ""description"": ""Gregory Downs - Camooweal Road to Old Herbert Vale Road (Mount Isa LGA Only) | Road closed to all traffic"", ""road_name"": ""Riversleigh Road"", ""locality"": ""Lawn Hill"", ""restrictions_text"": ""Do not drive in flood waters"", ""raw_advice"": ""Do not drive in flood waters"", ""raw_event_type"": ""Flooding"", ""raw_event_subtype"": ""Long-term flooding"", ""raw_impact_type"": ""Closures"", ""raw_impact_subtype"": ""Road closed to all traffic"", ""url"": ""https://api.qldtraffic.qld.gov.au/v2/events/783356""}, {""closure_id"": ""qld.qldtraffic.0cc5d251bf8a8cfb5d25"", ""source_event_id"": ""788811"", ""distance_m"": 1725570.9, ""category_norm"": ""road_closed"", ""passability_norm"": ""impassable"", ""status_norm"": ""active"", ""reason_norm"": ""flood"", ""title"": """", ""description"": ""Mount Sunlight Road is closed to through traffic due to road damage | Road closed to through traffic"", ""road_name"": ""Mount Sunlight Road"", ""locality"": ""Humboldt"", ""restrictions_text"": ""Changed traffic conditions"", ""raw_advice"": ""Changed traffic conditions"", ""raw_event_type"": ""Hazard"", ""raw_event_subtype"": ""Road damage"", ""raw_impact_type"": ""Closures"", ""raw_impact_subtype"": ""Road closed to through traffic"", ""url"": ""https://api.qldtraffic.qld.gov.au/v2/events/788811""}, {""closure_id"": ""qld.qldtraffic.f86be34ccf786f961abb"", ""source_event_id"": ""787707"", ""distance_m"": 1808212.1, ""category_norm"": ""road_closed"", ""passability_norm"": ""impassable"", ""status_norm"": ""active"", ""reason_norm"": ""flood"", ""title"": """", ""description"": ""Avoid the area | Road closed to all traffic"", ""road_name"": ""Banana Mungi Road"", ""locality"": ""Banana"", ""restrictions_text"": ""Avoid the area"", ""raw_advice"": ""Avoid the area"", ""raw_event_type"": ""Hazard"", ""raw_event_subtype"": ""Road damage"", ""raw_impact_type"": ""Closures"", ""raw_impact_subtype"": ""Road closed to all traffic"", ""url"": ""https://api.qldtraffic.qld.gov.au/v2/events/787707""}]",,,
qld_locality_4950,Evans Landing,locality_road_representative_point,QLD,Weipa Town,-12.6614759,141.8526706,False,330522,0.0,nearest,Nearest graph node is already in a pre-closure hub-connected component.,True,False,False,9,0,0,True,State Border,,isolated_full_closures,medium,Place cannot reach any modelled hub after active impassable closures are blocked.,"[{""closure_id"": ""qld.qldtraffic.c2c40b9b2bf9490345cd"", ""source_event_id"": ""829082"", ""distance_m"": 154880.4, ""category_norm"": ""road_closed"", ""passability_norm"": ""impassable"", ""status_norm"": ""active"", ""reason_norm"": ""fire"", ""title"": """", ""description"": ""Near Archer River Roadhouse | Road closed to all traffic"", ""road_name"": ""Peninsula Developmental Road"", ""locality"": ""Coen"", ""restrictions_text"": ""Emergency services are on scene/en-route"", ""raw_advice"": ""Emergency services are on scene/en-route"", ""raw_event_type"": ""Hazard"", ""raw_event_subtype"": ""Fire"", ""raw_impact_type"": ""Closures"", ""raw_impact_subtype"": ""Road closed to all traffic"", ""url"": ""https://api.qldtraffic.qld.gov.au/v2/events/829082""}, {""closure_id"": ""qld.qldtraffic.92e816fe3b6cf5bd28bc"", ""source_event_id"": ""770764"", ""distance_m"": 376832.4, ""category_norm"": ""road_closed"", ""passability_norm"": ""impassable"", ""status_norm"": ""active"", ""reason_norm"": ""flood"", ""title"": """", ""description"": ""Dunbar to Koolatah | Road closed to all traffic"", ""road_name"": ""Dunbar Koolatah Road / Dunbar Kowanyama Road / Koolatah Access"", ""locality"": ""Maramie / Yagoonya"", ""restrictions_text"": ""Do not drive in flood waters"", ""raw_advice"": ""Do not drive in flood waters"", ""raw_event_type"": ""Flooding"", ""raw_event_subtype"": ""Long-term flooding"", ""raw_impact_type"": ""Closures"", ""raw_impact_subtype"": ""Road closed to all traffic"", ""url"": ""https://api.qldtraffic.qld.gov.au/v2/events/770764""}, {""closure_id"": ""qld.qldtraffic.78122eb3ca8e33ecc8f2"", ""source_event_id"": ""783356"", ""distance_m"": 802334.8, ""category_norm"": ""road_closed"", ""passability_norm"": ""impassable"", ""status_norm"": ""active"", ""reason_norm"": ""flood"", ""title"": """", ""description"": ""Gregory Downs - Camooweal Road to Old Herbert Vale Road (Mount Isa LGA Only) | Road closed to all traffic"", ""road_name"": ""Riversleigh Road"", ""locality"": ""Lawn Hill"", ""restrictions_text"": ""Do not drive in flood waters"", ""raw_advice"": ""Do not drive in flood waters"", ""raw_event_type"": ""Flooding"", ""raw_event_subtype"": ""Long-term flooding"", ""raw_impact_type"": ""Closures"", ""raw_impact_subtype"": ""Road closed to all traffic"", ""url"": ""https://api.qldtraffic.qld.gov.au/v2/events/783356""}, {""closure_id"": ""qld.qldtraffic.0cc5d251bf8a8cfb5d25"", ""source_event_id"": ""788811"", ""distance_m"": 1573043.8, ""category_norm"": ""road_closed"", ""passability_norm"": ""impassable"", ""status_norm"": ""active"", ""reason_norm"": ""flood"", ""title"": """", ""description"": ""Mount Sunlight Road is closed to through traffic due to road damage | Road closed to through traffic"", ""road_name"": ""Mount Sunlight Road"", ""locality"": ""Humboldt"", ""restrictions_text"": ""Changed traffic conditions"", ""raw_advice"": ""Changed traffic conditions"", ""raw_event_type"": ""Hazard"", ""raw_event_subtype"": ""Road damage"", ""raw_impact_type"": ""Closures"", ""raw_impact_subtype"": ""Road closed to through traffic"", ""url"": ""https://api.qldtraffic.qld.gov.au/v2/events/788811""}, {""closure_id"": ""qld.qldtraffic.f86be34ccf786f961abb"", ""source_event_id"": ""787707"", ""distance_m"": 1665448.3, ""category_norm"": ""road_closed"", ""passability_norm"": ""impassable"", ""status_norm"": ""active"", ""reason_norm"": ""flood"", ""title"": """", ""description"": ""Avoid the area | Road closed to all traffic"", ""road_name"": ""Banana Mungi Road"", ""locality"": ""Banana"", ""restrictions_text"": ""Avoid the area"", ""raw_advice"": ""Avoid the area"", ""raw_event_type"": ""Hazard"", ""raw_event_subtype"": ""Road damage"", ""raw_impact_type"": ""Closures"", ""raw_impact_subtype"": ""Road closed to all traffic"", ""url"": ""https://api.qldtraffic.qld.gov.au/v2/events/787707""}]",,,
qld_locality_5573,Injinoo,locality_road_representative_point,QLD,Northern Peninsula Area Regional,-10.90638912,142.32556,False,321132,14.3,nearest,Nearest graph node is already in a pre-closure hub-connected component.,True,False,False,9,0,0,True,State Border,,isolated_full_closures,medium,Place cannot reach any modelled hub after active impassable closures are blocked.,"[{""closure_id"": ""qld.qldtraffic.c2c40b9b2bf9490345cd"", ""source_event_id"": ""829082"", ""distance_m"": 300658.5, ""category_norm"": ""road_closed"", ""passability_norm"": ""impassable"", ""status_norm"": ""active"", ""reason_norm"": ""fire"", ""title"": """", ""description"": ""Near Archer River Roadhouse | Road closed to all traffic"", ""road_name"": ""Peninsula Developmental Road"", ""locality"": ""Coen"", ""restrictions_text"": ""Emergency services are on scene/en-route"", ""raw_advice"": ""Emergency services are on scene/en-route"", ""raw_event_type"": ""Hazard"", ""raw_event_subtype"": ""Fire"", ""raw_impact_type"": ""Closures"", ""raw_impact_subtype"": ""Road closed to all traffic"", ""url"": ""https://api.qldtraffic.qld.gov.au/v2/events/829082""}, {""closure_id"": ""qld.qldtraffic.92e816fe3b6cf5bd28bc"", ""source_event_id"": ""770764"", ""distance_m"": 570808.6, ""category_norm"": ""road_closed"", ""passability_norm"": ""impassable"", ""status_norm"": ""active"", ""reason_norm"": ""flood"", ""title"": """", ""description"": ""Dunbar to Koolatah | Road closed to all traffic"", ""road_name"": ""Dunbar Koolatah Road / Dunbar Kowanyama Road / Koolatah Access"", ""locality"": ""Maramie / Yagoonya"", ""restrictions_text"": ""Do not drive in flood waters"", ""raw_advice"": ""Do not drive in flood waters"", ""raw_event_type"": ""Flooding"", ""raw_event_subtype"": ""Long-term flooding"", ""raw_impact_type"": ""Closures"", ""raw_impact_subtype"": ""Road closed to all traffic"", ""url"": ""https://api.qldtraffic.qld.gov.au/v2/events/770764""}, {""closure_id"": ""qld.qldtraffic.78122eb3ca8e33ecc8f2"", ""source_event_id"": ""783356"", ""distance_m"": 1005135.5, ""category_norm"": ""road_closed"", ""passability_norm"": ""impassable"", ""status_norm"": ""active"", ""reason_norm"": ""flood"", ""title"": """", ""description"": ""Gregory Downs - Camooweal Road to Old Herbert Vale Road (Mount Isa LGA Only) | Road closed to all traffic"", ""road_name"": ""Riversleigh Road"", ""locality"": ""Lawn Hill"", ""restrictions_text"": ""Do not drive in flood waters"", ""raw_advice"": ""Do not drive in flood waters"", ""raw_event_type"": ""Flooding"", ""raw_event_subtype"": ""Long-term flooding"", ""raw_impact_type"": ""Closures"", ""raw_impact_subtype"": ""Road closed to all traffic"", ""url"": ""https://api.qldtraffic.qld.gov.au/v2/events/783356""}, {""closure_id"": ""qld.qldtraffic.0cc5d251bf8a8cfb5d25"", ""source_event_id"": ""788811"", ""distance_m"": 1726636.6, ""category_norm"": ""road_closed"", ""passability_norm"": ""impassable"", ""status_norm"": ""active"", ""reason_norm"": ""flood"", ""title"": """", ""description"": ""Mount Sunlight Road is closed to through traffic due to road damage | Road closed to through traffic"", ""road_name"": ""Mount Sunlight Road"", ""locality"": ""Humboldt"", ""restrictions_text"": ""Changed traffic conditions"", ""raw_advice"": ""Changed traffic conditions"", ""raw_event_type"": ""Hazard"", ""raw_event_subtype"": ""Road damage"", ""raw_impact_type"": ""Closures"", ""raw_impact_subtype"": ""Road closed to through traffic"", ""url"": ""https://api.qldtraffic.qld.gov.au/v2/events/788811""}, {""closure_id"": ""qld.qldtraffic.f86be34ccf786f961abb"", ""source_event_id"": ""787707"", ""distance_m"": 1809746.1, ""category_norm"": ""road_closed"", ""passability_norm"": ""impassable"", ""status_norm"": ""active"", ""reason_norm"": ""flood"", ""title"": """", ""description"": ""Avoid the area | Road closed to all traffic"", ""road_name"": ""Banana Mungi Road"", ""locality"": ""Banana"", ""restrictions_text"": ""Avoid the area"", ""raw_advice"": ""Avoid the area"", ""raw_event_type"": ""Hazard"", ""raw_event_subtype"": ""Road damage"", ""raw_impact_type"": ""Closures"", ""raw_impact_subtype"": ""Road closed to all traffic"", ""url"": ""https://api.qldtraffic.qld.gov.au/v2/events/787707""}]",,,
qld_locality_5783,Lockhart River,locality_road_representative_point,QLD,Cook Shire,-12.78515915,143.342977,False,315148,15.8,nearest,Nearest graph node is already in a pre-closure hub-connected component.,True,False,False,9,0,0,True,State Border,,isolated_full_closures,medium,Place cannot reach any modelled hub after active impassable closures are blocked.,"[{""closure_id"": ""qld.qldtraffic.c2c40b9b2bf9490345cd"", ""source_event_id"": ""829082"", ""distance_m"": 88659.1, ""category_norm"": ""road_closed"", ""passability_norm"": ""impassable"", ""status_norm"": ""active"", ""reason_norm"": ""fire"", ""title"": """", ""description"": ""Near Archer River Roadhouse | Road closed to all traffic"", ""road_name"": ""Peninsula Developmental Road"", ""locality"": ""Coen"", ""restrictions_text"": ""Emergency services are on scene/en-route"", ""raw_advice"": ""Emergency services are on scene/en-route"", ""raw_event_type"": ""Hazard"", ""raw_event_subtype"": ""Fire"", ""raw_impact_type"": ""Closures"", ""raw_impact_subtype"": ""Road closed to all traffic"", ""url"": ""https://api.qldtraffic.qld.gov.au/v2/events/829082""}, {""closure_id"": ""qld.qldtraffic.92e816fe3b6cf5bd28bc"", ""source_event_id"": ""770764"", ""distance_m"": 370766.7, ""category_norm"": ""road_closed"", ""passability_norm"": ""impassable"", ""status_norm"": ""active"", ""reason_norm"": ""flood"", ""title"": """", ""description"": ""Dunbar to Koolatah | Road closed to all traffic"", ""road_name"": ""Dunbar Koolatah Road / Dunbar Kowanyama Road / Koolatah Access"", ""locality"": ""Maramie / Yagoonya"", ""restrictions_text"": ""Do not drive in flood waters"", ""raw_advice"": ""Do not drive in flood waters"", ""raw_event_type"": ""Flooding"", ""raw_event_subtype"": ""Long-term flooding"", ""raw_impact_type"": ""Closures"", ""raw_impact_subtype"": ""Road closed to all traffic"", ""url"": ""https://api.qldtraffic.qld.gov.au/v2/events/770764""}, {""closure_id"": ""qld.qldtraffic.78122eb3ca8e33ecc8f2"", ""source_event_id"": ""783356"", ""distance_m"": 878248.1, ""category_norm"": ""road_closed"", ""passability_norm"": ""impassable"", ""status_norm"": ""active"", ""reason_norm"": ""flood"", ""title"": """", ""description"": ""Gregory Downs - Camooweal Road to Old Herbert Vale Road (Mount Isa LGA Only) | Road closed to all traffic"", ""road_name"": ""Riversleigh Road"", ""locality"": ""Lawn Hill"", ""restrictions_text"": ""Do not drive in flood waters"", ""raw_advice"": ""Do not drive in flood waters"", ""raw_event_type"": ""Flooding"", ""raw_event_subtype"": ""Long-term flooding"", ""raw_impact_type"": ""Closures"", ""raw_impact_subtype"": ""Road closed to all traffic"", ""url"": ""https://api.qldtraffic.qld.gov.au/v2/events/783356""}, {""closure_id"": ""qld.qldtraffic.0cc5d251bf8a8cfb5d25"", ""source_event_id"": ""788811"", ""distance_m"": 1485191.7, ""category_norm"": ""road_closed"", ""passability_norm"": ""impassable"", ""status_norm"": ""active"", ""reason_norm"": ""flood"", ""title"": """", ""description"": ""Mount Sunlight Road is closed to through traffic due to road damage | Road closed to through traffic"", ""road_name"": ""Mount Sunlight Road"", ""locality"": ""Humboldt"", ""restrictions_text"": ""Changed traffic conditions"", ""raw_advice"": ""Changed traffic conditions"", ""raw_event_type"": ""Hazard"", ""raw_event_subtype"": ""Road damage"", ""raw_impact_type"": ""Closures"", ""raw_impact_subtype"": ""Road closed to through traffic"", ""url"": ""https://api.qldtraffic.qld.gov.au/v2/events/788811""}, {""closure_id"": ""qld.qldtraffic.f86be34ccf786f961abb"", ""source_event_id"": ""787707"", ""distance_m"": 1567897.5, ""category_norm"": ""road_closed"", ""passability_norm"": ""impassable"", ""status_norm"": ""active"", ""reason_norm"": ""flood"", ""title"": """", ""description"": ""Avoid the area | Road closed to all traffic"", ""road_name"": ""Banana Mungi Road"", ""locality"": ""Banana"", ""restrictions_text"": ""Avoid the area"", ""raw_advice"": ""Avoid the area"", ""raw_event_type"": ""Hazard"", ""raw_event_subtype"": ""Road damage"", ""raw_impact_type"": ""Closures"", ""raw_impact_subtype"": ""Road closed to all traffic"", ""url"": ""https://api.qldtraffic.qld.gov.au/v2/events/787707""}]",,,
qld_locality_1642,Mapoon,locality_road_representative_point,QLD,Cook Shire,-12.01898299,141.9024105,False,319563,51.5,nearest,Nearest graph node is already in a pre-closure hub-connected component.,True,False,False,9,0,0,True,State Border,,isolated_full_closures,medium,Place cannot reach any modelled hub after active impassable closures are blocked.,"[{""closure_id"": ""qld.qldtraffic.c2c40b9b2bf9490345cd"", ""source_event_id"": ""829082"", ""distance_m"": 203796.9, ""category_norm"": ""road_closed"", ""passability_norm"": ""impassable"", ""status_norm"": ""active"", ""reason_norm"": ""fire"", ""title"": """", ""description"": ""Near Archer River Roadhouse | Road closed to all traffic"", ""road_name"": ""Peninsula Developmental Road"", ""locality"": ""Coen"", ""restrictions_text"": ""Emergency services are on scene/en-route"", ""raw_advice"": ""Emergency services are on scene/en-route"", ""raw_event_type"": ""Hazard"", ""raw_event_subtype"": ""Fire"", ""raw_impact_type"": ""Closures"", ""raw_impact_subtype"": ""Road closed to all traffic"", ""url"": ""https://api.qldtraffic.qld.gov.au/v2/events/829082""}, {""closure_id"": ""qld.qldtraffic.92e816fe3b6cf5bd28bc"", ""source_event_id"": ""770764"", ""distance_m"": 448332.1, ""category_norm"": ""road_closed"", ""passability_norm"": ""impassable"", ""status_norm"": ""active"", ""reason_norm"": ""flood"", ""title"": """", ""description"": ""Dunbar to Koolatah | Road closed to all traffic"", ""road_name"": ""Dunbar Koolatah Road / Dunbar Kowanyama Road / Koolatah Access"", ""locality"": ""Maramie / Yagoonya"", ""restrictions_text"": ""Do not drive in flood waters"", ""raw_advice"": ""Do not drive in flood waters"", ""raw_event_type"": ""Flooding"", ""raw_event_subtype"": ""Long-term flooding"", ""raw_impact_type"": ""Closures"", ""raw_impact_subtype"": ""Road closed to all traffic"", ""url"": ""https://api.qldtraffic.qld.gov.au/v2/events/770764""}, {""closure_id"": ""qld.qldtraffic.78122eb3ca8e33ecc8f2"", ""source_event_id"": ""783356"", ""distance_m"": 870629.2, ""category_norm"": ""road_closed"", ""passability_norm"": ""impassable"", ""status_norm"": ""active"", ""reason_norm"": ""flood"", ""title"": """", ""description"": ""Gregory Downs - Camooweal Road to Old Herbert Vale Road (Mount Isa LGA Only) | Road closed to all traffic"", ""road_name"": ""Riversleigh Road"", ""locality"": ""Lawn Hill"", ""restrictions_text"": ""Do not drive in flood waters"", ""raw_advice"": ""Do not drive in flood waters"", ""raw_event_type"": ""Flooding"", ""raw_event_subtype"": ""Long-term flooding"", ""raw_impact_type"": ""Closures"", ""raw_impact_subtype"": ""Road closed to all traffic"", ""url"": ""https://api.qldtraffic.qld.gov.au/v2/events/783356""}, {""closure_id"": ""qld.qldtraffic.0cc5d251bf8a8cfb5d25"", ""source_event_id"": ""788811"", ""distance_m"": 1634483.8, ""category_norm"": ""road_closed"", ""passability_norm"": ""impassable"", ""status_norm"": ""active"", ""reason_norm"": ""flood"", ""title"": """", ""description"": ""Mount Sunlight Road is closed to through traffic due to road damage | Road closed to through traffic"", ""road_name"": ""Mount Sunlight Road"", ""locality"": ""Humboldt"", ""restrictions_text"": ""Changed traffic conditions"", ""raw_advice"": ""Changed traffic conditions"", ""raw_event_type"": ""Hazard"", ""raw_event_subtype"": ""Road damage"", ""raw_impact_type"": ""Closures"", ""raw_impact_subtype"": ""Road closed to through traffic"", ""url"": ""https://api.qldtraffic.qld.gov.au/v2/events/788811""}, {""closure_id"": ""qld.qldtraffic.f86be34ccf786f961abb"", ""source_event_id"": ""787707"", ""distance_m"": 1724138.8, ""category_norm"": ""road_closed"", ""passability_norm"": ""impassable"", ""status_norm"": ""active"", ""reason_norm"": ""flood"", ""title"": """", ""description"": ""Avoid the area | Road closed to all traffic"", ""road_name"": ""Banana Mungi Road"", ""locality"": ""Banana"", ""restrictions_text"": ""Avoid the area"", ""raw_advice"": ""Avoid the area"", ""raw_event_type"": ""Hazard"", ""raw_event_subtype"": ""Road damage"", ""raw_impact_type"": ""Closures"", ""raw_impact_subtype"": ""Road closed to all traffic"", ""url"": ""https://api.qldtraffic.qld.gov.au/v2/events/787707""}]",,,
qld_locality_4953,Nanum,locality_road_representative_point,QLD,Weipa Town,-12.6443385,141.8601263,False,315933,0.0,nearest,Nearest graph node is already in a pre-closure hub-connected component.,True,False,False,9,0,0,True,State Border,,isolated_full_closures,medium,Place cannot reach any modelled hub after active impassable closures are blocked.,"[{""closure_id"": ""qld.qldtraffic.c2c40b9b2bf9490345cd"", ""source_event_id"": ""829082"", ""distance_m"": 155394.5, ""category_norm"": ""road_closed"", ""passability_norm"": ""impassable"", ""status_norm"": ""active"", ""reason_norm"": ""fire"", ""title"": """", ""description"": ""Near Archer River Roadhouse | Road closed to all traffic"", ""road_name"": ""Peninsula Developmental Road"", ""locality"": ""Coen"", ""restrictions_text"": ""Emergency services are on scene/en-route"", ""raw_advice"": ""Emergency services are on scene/en-route"", ""raw_event_type"": ""Hazard"", ""raw_event_subtype"": ""Fire"", ""raw_impact_type"": ""Closures"", ""raw_impact_subtype"": ""Road closed to all traffic"", ""url"": ""https://api.qldtraffic.qld.gov.au/v2/events/829082""}, {""closure_id"": ""qld.qldtraffic.92e816fe3b6cf5bd28bc"", ""source_event_id"": ""770764"", ""distance_m"": 378614.9, ""category_norm"": ""road_closed"", ""passability_norm"": ""impassable"", ""status_norm"": ""active"", ""reason_norm"": ""flood"", ""title"": """", ""description"": ""Dunbar to Koolatah | Road closed to all traffic"", ""road_name"": ""Dunbar Koolatah Road / Dunbar Kowanyama Road / Koolatah Access"", ""locality"": ""Maramie / Yagoonya"", ""restrictions_text"": ""Do not drive in flood waters"", ""raw_advice"": ""Do not drive in flood waters"", ""raw_event_type"": ""Flooding"", ""raw_event_subtype"": ""Long-term flooding"", ""raw_impact_type"": ""Closures"", ""raw_impact_subtype"": ""Road closed to all traffic"", ""url"": ""https://api.qldtraffic.qld.gov.au/v2/events/770764""}, {""closure_id"": ""qld.qldtraffic.78122eb3ca8e33ecc8f2"", ""source_event_id"": ""783356"", ""distance_m"": 804454.2, ""category_norm"": ""road_closed"", ""passability_norm"": ""impassable"", ""status_norm"": ""active"", ""reason_norm"": ""flood"", ""title"": """", ""description"": ""Gregory Downs - Camooweal Road to Old Herbert Vale Road (Mount Isa LGA Only) | Road closed to all traffic"", ""road_name"": ""Riversleigh Road"", ""locality"": ""Lawn Hill"", ""restrictions_text"": ""Do not drive in flood waters"", ""raw_advice"": ""Do not drive in flood waters"", ""raw_event_type"": ""Flooding"", ""raw_event_subtype"": ""Long-term flooding"", ""raw_impact_type"": ""Closures"", ""raw_impact_subtype"": ""Road closed to all traffic"", ""url"": ""https://api.qldtraffic.qld.gov.au/v2/events/783356""}, {""closure_id"": ""qld.qldtraffic.0cc5d251bf8a8cfb5d25"", ""source_event_id"": ""788811"", ""distance_m"": 1574334.9, ""category_norm"": ""road_closed"", ""passability_norm"": ""impassable"", ""status_norm"": ""active"", ""reason_norm"": ""flood"", ""title"": """", ""description"": ""Mount Sunlight Road is closed to through traffic due to road damage | Road closed to through traffic"", ""road_name"": ""Mount Sunlight Road"", ""locality"": ""Humboldt"", ""restrictions_text"": ""Changed traffic conditions"", ""raw_advice"": ""Changed traffic conditions"", ""raw_event_type"": ""Hazard"", ""raw_event_subtype"": ""Road damage"", ""raw_impact_type"": ""Closures"", ""raw_impact_subtype"": ""Road closed to through traffic"", ""url"": ""https://api.qldtraffic.qld.gov.au/v2/events/788811""}, {""closure_id"": ""qld.qldtraffic.f86be34ccf786f961abb"", ""source_event_id"": ""787707"", ""distance_m"": 1666625.9, ""category_norm"": ""road_closed"", ""passability_norm"": ""impassable"", ""status_norm"": ""active"", ""reason_norm"": ""flood"", ""title"": """", ""description"": ""Avoid the area | Road closed to all traffic"", ""road_name"": ""Banana Mungi Road"", ""locality"": ""Banana"", ""restrictions_text"": ""Avoid the area"", ""raw_advice"": ""Avoid the area"", ""raw_event_type"": ""Hazard"", ""raw_event_subtype"": ""Road damage"", ""raw_impact_type"": ""Closures"", ""raw_impact_subtype"": ""Road closed to all traffic"", ""url"": ""https://api.qldtraffic.qld.gov.au/v2/events/787707""}]",,,
qld_locality_5814,Napranum,locality_road_representative_point,QLD,Napranum Aboriginal Shire,-12.68238991,141.8888098,False,312254,80.9,nearest,Nearest graph node is already in a pre-closure hub-connected component.,True,False,False,9,0,0,True,State Border,,isolated_full_closures,medium,Place cannot reach any modelled hub after active impassable closures are blocked.,"[{""closure_id"": ""qld.qldtraffic.c2c40b9b2bf9490345cd"", ""source_event_id"": ""829082"", ""distance_m"": 150228.9, ""category_norm"": ""road_closed"", ""passability_norm"": ""impassable"", ""status_norm"": ""active"", ""reason_norm"": ""fire"", ""title"": """", ""description"": ""Near Archer River Roadhouse | Road closed to all traffic"", ""road_name"": ""Peninsula Developmental Road"", ""locality"": ""Coen"", ""restrictions_text"": ""Emergency services are on scene/en-route"", ""raw_advice"": ""Emergency services are on scene/en-route"", ""raw_event_type"": ""Hazard"", ""raw_event_subtype"": ""Fire"", ""raw_impact_type"": ""Closures"", ""raw_impact_subtype"": ""Road closed to all traffic"", ""url"": ""https://api.qldtraffic.qld.gov.au/v2/events/829082""}, {""closure_id"": ""qld.qldtraffic.92e816fe3b6cf5bd28bc"", ""source_event_id"": ""770764"", ""distance_m"": 373798.6, ""category_norm"": ""road_closed"", ""passability_norm"": ""impassable"", ""status_norm"": ""active"", ""reason_norm"": ""flood"", ""title"": """", ""description"": ""Dunbar to Koolatah | Road closed to all traffic"", ""road_name"": ""Dunbar Koolatah Road / Dunbar Kowanyama Road / Koolatah Access"", ""locality"": ""Maramie / Yagoonya"", ""restrictions_text"": ""Do not drive in flood waters"", ""raw_advice"": ""Do not drive in flood waters"", ""raw_event_type"": ""Flooding"", ""raw_event_subtype"": ""Long-term flooding"", ""raw_impact_type"": ""Closures"", ""raw_impact_subtype"": ""Road closed to all traffic"", ""url"": ""https://api.qldtraffic.qld.gov.au/v2/events/770764""}, {""closure_id"": ""qld.qldtraffic.78122eb3ca8e33ecc8f2"", ""source_event_id"": ""783356"", ""distance_m"": 802033.2, ""category_norm"": ""road_closed"", ""passability_norm"": ""impassable"", ""status_norm"": ""active"", ""reason_norm"": ""flood"", ""title"": """", ""description"": ""Gregory Downs - Camooweal Road to Old Herbert Vale Road (Mount Isa LGA Only) | Road closed to all traffic"", ""road_name"": ""Riversleigh Road"", ""locality"": ""Lawn Hill"", ""restrictions_text"": ""Do not drive in flood waters"", ""raw_advice"": ""Do not drive in flood waters"", ""raw_event_type"": ""Flooding"", ""raw_event_subtype"": ""Long-term flooding"", ""raw_impact_type"": ""Closures"", ""raw_impact_subtype"": ""Road closed to all traffic"", ""url"": ""https://api.qldtraffic.qld.gov.au/v2/events/783356""}, {""closure_id"": ""qld.qldtraffic.0cc5d251bf8a8cfb5d25"", ""source_event_id"": ""788811"", ""distance_m"": 1568983.6, ""category_norm"": ""road_closed"", ""passability_norm"": ""impassable"", ""status_norm"": ""active"", ""reason_norm"": ""flood"", ""title"": """", ""description"": ""Mount Sunlight Road is closed to through traffic due to road damage | Road closed to through traffic"", ""road_name"": ""Mount Sunlight Road"", ""locality"": ""Humboldt"", ""restrictions_text"": ""Changed traffic conditions"", ""raw_advice"": ""Changed traffic conditions"", ""raw_event_type"": ""Hazard"", ""raw_event_subtype"": ""Road damage"", ""raw_impact_type"": ""Closures"", ""raw_impact_subtype"": ""Road closed to through traffic"", ""url"": ""https://api.qldtraffic.qld.gov.au/v2/events/788811""}, {""closure_id"": ""qld.qldtraffic.f86be34ccf786f961abb"", ""source_event_id"": ""787707"", ""distance_m"": 1661244.3, ""category_norm"": ""road_closed"", ""passability_norm"": ""impassable"", ""status_norm"": ""active"", ""reason_norm"": ""flood"", ""title"": """", ""description"": ""Avoid the area | Road closed to all traffic"", ""road_name"": ""Banana Mungi Road"", ""locality"": ""Banana"", ""restrictions_text"": ""Avoid the area"", ""raw_advice"": ""Avoid the area"", ""raw_event_type"": ""Hazard"", ""raw_event_subtype"": ""Road damage"", ""raw_impact_type"": ""Closures"", ""raw_impact_subtype"": ""Road closed to all traffic"", ""url"": ""https://api.qldtraffic.qld.gov.au/v2/events/787707""}]",,,
qld_locality_5587,New Mapoon,locality_road_representative_point,QLD,Northern Peninsula Area Regional,-10.8668348,142.3857106,False,329412,113.2,nearest,Nearest graph node is already in a pre-closure hub-connected component.,True,False,False,9,0,0,True,State Border,,isolated_full_closures,medium,Place cannot reach any modelled hub after active impassable closures are blocked.,"[{""closure_id"": ""qld.qldtraffic.c2c40b9b2bf9490345cd"", ""source_event_id"": ""829082"", ""distance_m"": 303511.9, ""category_norm"": ""road_closed"", ""passability_norm"": ""impassable"", ""status_norm"": ""active"", ""reason_norm"": ""fire"", ""title"": """", ""description"": ""Near Archer River Roadhouse | Road closed to all traffic"", ""road_name"": ""Peninsula Developmental Road"", ""locality"": ""Coen"", ""restrictions_text"": ""Emergency services are on scene/en-route"", ""raw_advice"": ""Emergency services are on scene/en-route"", ""raw_event_type"": ""Hazard"", ""raw_event_subtype"": ""Fire"", ""raw_impact_type"": ""Closures"", ""raw_impact_subtype"": ""Road closed to all traffic"", ""url"": ""https://api.qldtraffic.qld.gov.au/v2/events/829082""}, {""closure_id"": ""qld.qldtraffic.92e816fe3b6cf5bd28bc"", ""source_event_id"": ""770764"", ""distance_m"": 575178.9, ""category_norm"": ""road_closed"", ""passability_norm"": ""impassable"", ""status_norm"": ""active"", ""reason_norm"": ""flood"", ""title"": """", ""description"": ""Dunbar to Koolatah | Road closed to all traffic"", ""road_name"": ""Dunbar Koolatah Road / Dunbar Kowanyama Road / Koolatah Access"", ""locality"": ""Maramie / Yagoonya"", ""restrictions_text"": ""Do not drive in flood waters"", ""raw_advice"": ""Do not drive in flood waters"", ""raw_event_type"": ""Flooding"", ""raw_event_subtype"": ""Long-term flooding"", ""raw_impact_type"": ""Closures"", ""raw_impact_subtype"": ""Road closed to all traffic"", ""url"": ""https://api.qldtraffic.qld.gov.au/v2/events/770764""}, {""closure_id"": ""qld.qldtraffic.78122eb3ca8e33ecc8f2"", ""source_event_id"": ""783356"", ""distance_m"": 1011990.7, ""category_norm"": ""road_closed"", ""passability_norm"": ""impassable"", ""status_norm"": ""active"", ""reason_norm"": ""flood"", ""title"": """", ""description"": ""Gregory Downs - Camooweal Road to Old Herbert Vale Road (Mount Isa LGA Only) | Road closed to all traffic"", ""road_name"": ""Riversleigh Road"", ""locality"": ""Lawn Hill"", ""restrictions_text"": ""Do not drive in flood waters"", ""raw_advice"": ""Do not drive in flood waters"", ""raw_event_type"": ""Flooding"", ""raw_event_subtype"": ""Long-term flooding"", ""raw_impact_type"": ""Closures"", ""raw_impact_subtype"": ""Road closed to all traffic"", ""url"": ""https://api.qldtraffic.qld.gov.au/v2/events/783356""}, {""closure_id"": ""qld.qldtraffic.0cc5d251bf8a8cfb5d25"", ""source_event_id"": ""788811"", ""distance_m"": 1727916.5, ""category_norm"": ""road_closed"", ""passability_norm"": ""impassable"", ""status_norm"": ""active"", ""reason_norm"": ""flood"", ""title"": """", ""description"": ""Mount Sunlight Road is closed to through traffic due to road damage | Road closed to through traffic"", ""road_name"": ""Mount Sunlight Road"", ""locality"": ""Humboldt"", ""restrictions_text"": ""Changed traffic conditions"", ""raw_advice"": ""Changed traffic conditions"", ""raw_event_type"": ""Hazard"", ""raw_event_subtype"": ""Road damage"", ""raw_impact_type"": ""Closures"", ""raw_impact_subtype"": ""Road closed to through traffic"", ""url"": ""https://api.qldtraffic.qld.gov.au/v2/events/788811""}, {""closure_id"": ""qld.qldtraffic.f86be34ccf786f961abb"", ""source_event_id"": ""787707"", ""distance_m"": 1810511.2, ""category_norm"": ""road_closed"", ""passability_norm"": ""impassable"", ""status_norm"": ""active"", ""reason_norm"": ""flood"", ""title"": """", ""description"": ""Avoid the area | Road closed to all traffic"", ""road_name"": ""Banana Mungi Road"", ""locality"": ""Banana"", ""restrictions_text"": ""Avoid the area"", ""raw_advice"": ""Avoid the area"", ""raw_event_type"": ""Hazard"", ""raw_event_subtype"": ""Road damage"", ""raw_impact_type"": ""Closures"", ""raw_impact_subtype"": ""Road closed to all traffic"", ""url"": ""https://api.qldtraffic.qld.gov.au/v2/events/787707""}]",,,
qld_locality_5589,Seisia,locality_road_representative_point,QLD,Northern Peninsula Area Regional,-10.84999466,142.3680608,False,321475,21.1,nearest,Nearest graph node is already in a pre-closure hub-connected component.,True,False,False,9,0,0,True,State Border,,isolated_full_closures,medium,Place cannot reach any modelled hub after active impassable closures are blocked.,"[{""closure_id"": ""qld.qldtraffic.c2c40b9b2bf9490345cd"", ""source_event_id"": ""829082"", ""distance_m"": 305800.7, ""category_norm"": ""road_closed"", ""passability_norm"": ""impassable"", ""status_norm"": ""active"", ""reason_norm"": ""fire"", ""title"": """", ""description"": ""Near Archer River Roadhouse | Road closed to all traffic"", ""road_name"": ""Peninsula Developmental Road"", ""locality"": ""Coen"", ""restrictions_text"": ""Emergency services are on scene/en-route"", ""raw_advice"": ""Emergency services are on scene/en-route"", ""raw_event_type"": ""Hazard"", ""raw_event_subtype"": ""Fire"", ""raw_impact_type"": ""Closures"", ""raw_impact_subtype"": ""Road closed to all traffic"", ""url"": ""https://api.qldtraffic.qld.gov.au/v2/events/829082""}, {""closure_id"": ""qld.qldtraffic.92e816fe3b6cf5bd28bc"", ""source_event_id"": ""770764"", ""distance_m"": 577112.4, ""category_norm"": ""road_closed"", ""passability_norm"": ""impassable"", ""status_norm"": ""active"", ""reason_norm"": ""flood"", ""title"": """", ""description"": ""Dunbar to Koolatah | Road closed to all traffic"", ""road_name"": ""Dunbar Koolatah Road / Dunbar Kowanyama Road / Koolatah Access"", ""locality"": ""Maramie / Yagoonya"", ""restrictions_text"": ""Do not drive in flood waters"", ""raw_advice"": ""Do not drive in flood waters"", ""raw_event_type"": ""Flooding"", ""raw_event_subtype"": ""Long-term flooding"", ""raw_impact_type"": ""Closures"", ""raw_impact_subtype"": ""Road closed to all traffic"", ""url"": ""https://api.qldtraffic.qld.gov.au/v2/events/770764""}, {""closure_id"": ""qld.qldtraffic.78122eb3ca8e33ecc8f2"", ""source_event_id"": ""783356"", ""distance_m"": 1012911.8, ""category_norm"": ""road_closed"", ""passability_norm"": ""impassable"", ""status_norm"": ""active"", ""reason_norm"": ""flood"", ""title"": """", ""description"": ""Gregory Downs - Camooweal Road to Old Herbert Vale Road (Mount Isa LGA Only) | Road closed to all traffic"", ""road_name"": ""Riversleigh Road"", ""locality"": ""Lawn Hill"", ""restrictions_text"": ""Do not drive in flood waters"", ""raw_advice"": ""Do not drive in flood waters"", ""raw_event_type"": ""Flooding"", ""raw_event_subtype"": ""Long-term flooding"", ""raw_impact_type"": ""Closures"", ""raw_impact_subtype"": ""Road closed to all traffic"", ""url"": ""https://api.qldtraffic.qld.gov.au/v2/events/783356""}, {""closure_id"": ""qld.qldtraffic.0cc5d251bf8a8cfb5d25"", ""source_event_id"": ""788811"", ""distance_m"": 1730469.2, ""category_norm"": ""road_closed"", ""passability_norm"": ""impassable"", ""status_norm"": ""active"", ""reason_norm"": ""flood"", ""title"": """", ""description"": ""Mount Sunlight Road is closed to through traffic due to road damage | Road closed to through traffic"", ""road_name"": ""Mount Sunlight Road"", ""locality"": ""Humboldt"", ""restrictions_text"": ""Changed traffic conditions"", ""raw_advice"": ""Changed traffic conditions"", ""raw_event_type"": ""Hazard"", ""raw_event_subtype"": ""Road damage"", ""raw_impact_type"": ""Closures"", ""raw_impact_subtype"": ""Road closed to through traffic"", ""url"": ""https://api.qldtraffic.qld.gov.au/v2/events/788811""}, {""closure_id"": ""qld.qldtraffic.f86be34ccf786f961abb"", ""source_event_id"": ""787707"", ""distance_m"": 1813122.5, ""category_norm"": ""road_closed"", ""passability_norm"": ""impassable"", ""status_norm"": ""active"", ""reason_norm"": ""flood"", ""title"": """", ""description"": ""Avoid the area | Road closed to all traffic"", ""road_name"": ""Banana Mungi Road"", ""locality"": ""Banana"", ""restrictions_text"": ""Avoid the area"", ""raw_advice"": ""Avoid the area"", ""raw_event_type"": ""Hazard"", ""raw_event_subtype"": ""Road damage"", ""raw_impact_type"": ""Closures"", ""raw_impact_subtype"": ""Road closed to all traffic"", ""url"": ""https://api.qldtraffic.qld.gov.au/v2/events/787707""}]",,,
qld_locality_4952,Trunding,locality_road_representative_point,QLD,Weipa Town,-12.6324748,141.8729572,False,315875,0.0,nearest,Nearest graph node is already in a pre-closure hub-connected component.,True,False,False,9,0,0,True,State Border,,isolated_full_closures,medium,Place cannot reach any modelled hub after active impassable closures are blocked.,"[{""closure_id"": ""qld.qldtraffic.c2c40b9b2bf9490345cd"", ""source_event_id"": ""829082"", ""distance_m"": 155093.7, ""category_norm"": ""road_closed"", ""passability_norm"": ""impassable"", ""status_norm"": ""active"", ""reason_norm"": ""fire"", ""title"": """", ""description"": ""Near Archer River Roadhouse | Road closed to all traffic"", ""road_name"": ""Peninsula Developmental Road"", ""locality"": ""Coen"", ""restrictions_text"": ""Emergency services are on scene/en-route"", ""raw_advice"": ""Emergency services are on scene/en-route"", ""raw_event_type"": ""Hazard"", ""raw_event_subtype"": ""Fire"", ""raw_impact_type"": ""Closures"", ""raw_impact_subtype"": ""Road closed to all traffic"", ""url"": ""https://api.qldtraffic.qld.gov.au/v2/events/829082""}, {""closure_id"": ""qld.qldtraffic.92e816fe3b6cf5bd28bc"", ""source_event_id"": ""770764"", ""distance_m"": 379707.4, ""category_norm"": ""road_closed"", ""passability_norm"": ""impassable"", ""status_norm"": ""active"", ""reason_norm"": ""flood"", ""title"": """", ""description"": ""Dunbar to Koolatah | Road closed to all traffic"", ""road_name"": ""Dunbar Koolatah Road / Dunbar Kowanyama Road / Koolatah Access"", ""locality"": ""Maramie / Yagoonya"", ""restrictions_text"": ""Do not drive in flood waters"", ""raw_advice"": ""Do not drive in flood waters"", ""raw_event_type"": ""Flooding"", ""raw_event_subtype"": ""Long-term flooding"", ""raw_impact_type"": ""Closures"", ""raw_impact_subtype"": ""Road closed to all traffic"", ""url"": ""https://api.qldtraffic.qld.gov.au/v2/events/770764""}, {""closure_id"": ""qld.qldtraffic.78122eb3ca8e33ecc8f2"", ""source_event_id"": ""783356"", ""distance_m"": 806306.6, ""category_norm"": ""road_closed"", ""passability_norm"": ""impassable"", ""status_norm"": ""active"", ""reason_norm"": ""flood"", ""title"": """", ""description"": ""Gregory Downs - Camooweal Road to Old Herbert Vale Road (Mount Isa LGA Only) | Road closed to all traffic"", ""road_name"": ""Riversleigh Road"", ""locality"": ""Lawn Hill"", ""restrictions_text"": ""Do not drive in flood waters"", ""raw_advice"": ""Do not drive in flood waters"", ""raw_event_type"": ""Flooding"", ""raw_event_subtype"": ""Long-term flooding"", ""raw_impact_type"": ""Closures"", ""raw_impact_subtype"": ""Road closed to all traffic"", ""url"": ""https://api.qldtraffic.qld.gov.au/v2/events/783356""}, {""closure_id"": ""qld.qldtraffic.0cc5d251bf8a8cfb5d25"", ""source_event_id"": ""788811"", ""distance_m"": 1574809.5, ""category_norm"": ""road_closed"", ""passability_norm"": ""impassable"", ""status_norm"": ""active"", ""reason_norm"": ""flood"", ""title"": """", ""description"": ""Mount Sunlight Road is closed to through traffic due to road damage | Road closed to through traffic"", ""road_name"": ""Mount Sunlight Road"", ""locality"": ""Humboldt"", ""restrictions_text"": ""Changed traffic conditions"", ""raw_advice"": ""Changed traffic conditions"", ""raw_event_type"": ""Hazard"", ""raw_event_subtype"": ""Road damage"", ""raw_impact_type"": ""Closures"", ""raw_impact_subtype"": ""Road closed to through traffic"", ""url"": ""https://api.qldtraffic.qld.gov.au/v2/events/788811""}, {""closure_id"": ""qld.qldtraffic.f86be34ccf786f961abb"", ""source_event_id"": ""787707"", ""distance_m"": 1666974.2, ""category_norm"": ""road_closed"", ""passability_norm"": ""impassable"", ""status_norm"": ""active"", ""reason_norm"": ""flood"", ""title"": """", ""description"": ""Avoid the area | Road closed to all traffic"", ""road_name"": ""Banana Mungi Road"", ""locality"": ""Banana"", ""restrictions_text"": ""Avoid the area"", ""raw_advice"": ""Avoid the area"", ""raw_event_type"": ""Hazard"", ""raw_event_subtype"": ""Road damage"", ""raw_impact_type"": ""Closures"", ""raw_impact_subtype"": ""Road closed to all traffic"", ""url"": ""https://api.qldtraffic.qld.gov.au/v2/events/787707""}]",,,
qld_locality_5592,Umagico,locality_road_representative_point,QLD,Northern Peninsula Area Regional,-10.89273469,142.3508337,False,320672,61.3,nearest,Nearest graph node is already in a pre-closure hub-connected component.,True,False,False,9,0,0,True,State Border,,isolated_full_closures,medium,Place cannot reach any modelled hub after active impassable closures are blocked.,"[{""closure_id"": ""qld.qldtraffic.c2c40b9b2bf9490345cd"", ""source_event_id"": ""829082"", ""distance_m"": 301507.3, ""category_norm"": ""road_closed"", ""passability_norm"": ""impassable"", ""status_norm"": ""active"", ""reason_norm"": ""fire"", ""title"": """", ""description"": ""Near Archer River Roadhouse | Road closed to all traffic"", ""road_name"": ""Peninsula Developmental Road"", ""locality"": ""Coen"", ""restrictions_text"": ""Emergency services are on scene/en-route"", ""raw_advice"": ""Emergency services are on scene/en-route"", ""raw_event_type"": ""Hazard"", ""raw_event_subtype"": ""Fire"", ""raw_impact_type"": ""Closures"", ""raw_impact_subtype"": ""Road closed to all traffic"", ""url"": ""https://api.qldtraffic.qld.gov.au/v2/events/829082""}, {""closure_id"": ""qld.qldtraffic.92e816fe3b6cf5bd28bc"", ""source_event_id"": ""770764"", ""distance_m"": 572299.1, ""category_norm"": ""road_closed"", ""passability_norm"": ""impassable"", ""status_norm"": ""active"", ""reason_norm"": ""flood"", ""title"": """", ""description"": ""Dunbar to Koolatah | Road closed to all traffic"", ""road_name"": ""Dunbar Koolatah Road / Dunbar Kowanyama Road / Koolatah Access"", ""locality"": ""Maramie / Yagoonya"", ""restrictions_text"": ""Do not drive in flood waters"", ""raw_advice"": ""Do not drive in flood waters"", ""raw_event_type"": ""Flooding"", ""raw_event_subtype"": ""Long-term flooding"", ""raw_impact_type"": ""Closures"", ""raw_impact_subtype"": ""Road closed to all traffic"", ""url"": ""https://api.qldtraffic.qld.gov.au/v2/events/770764""}, {""closure_id"": ""qld.qldtraffic.78122eb3ca8e33ecc8f2"", ""source_event_id"": ""783356"", ""distance_m"": 1007707.8, ""category_norm"": ""road_closed"", ""passability_norm"": ""impassable"", ""status_norm"": ""active"", ""reason_norm"": ""flood"", ""title"": """", ""description"": ""Gregory Downs - Camooweal Road to Old Herbert Vale Road (Mount Isa LGA Only) | Road closed to all traffic"", ""road_name"": ""Riversleigh Road"", ""locality"": ""Lawn Hill"", ""restrictions_text"": ""Do not drive in flood waters"", ""raw_advice"": ""Do not drive in flood waters"", ""raw_event_type"": ""Flooding"", ""raw_event_subtype"": ""Long-term flooding"", ""raw_impact_type"": ""Closures"", ""raw_impact_subtype"": ""Road closed to all traffic"", ""url"": ""https://api.qldtraffic.qld.gov.au/v2/events/783356""}, {""closure_id"": ""qld.qldtraffic.0cc5d251bf8a8cfb5d25"", ""source_event_id"": ""788811"", ""distance_m"": 1726864.6, ""category_norm"": ""road_closed"", ""passability_norm"": ""impassable"", ""status_norm"": ""active"", ""reason_norm"": ""flood"", ""title"": """", ""description"": ""Mount Sunlight Road is closed to through traffic due to road damage | Road closed to through traffic"", ""road_name"": ""Mount Sunlight Road"", ""locality"": ""Humboldt"", ""restrictions_text"": ""Changed traffic conditions"", ""raw_advice"": ""Changed traffic conditions"", ""raw_event_type"": ""Hazard"", ""raw_event_subtype"": ""Road damage"", ""raw_impact_type"": ""Closures"", ""raw_impact_subtype"": ""Road closed to through traffic"", ""url"": ""https://api.qldtraffic.qld.gov.au/v2/events/788811""}, {""closure_id"": ""qld.qldtraffic.f86be34ccf786f961abb"", ""source_event_id"": ""787707"", ""distance_m"": 1809767.6, ""category_norm"": ""road_closed"", ""passability_norm"": ""impassable"", ""status_norm"": ""active"", ""reason_norm"": ""flood"", ""title"": """", ""description"": ""Avoid the area | Road closed to all traffic"", ""road_name"": ""Banana Mungi Road"", ""locality"": ""Banana"", ""restrictions_text"": ""Avoid the area"", ""raw_advice"": ""Avoid the area"", ""raw_event_type"": ""Hazard"", ""raw_event_subtype"": ""Road damage"", ""raw_impact_type"": ""Closures"", ""raw_impact_subtype"": ""Road closed to all traffic"", ""url"": ""https://api.qldtraffic.qld.gov.au/v2/events/787707""}]",,,
qld_locality_4951,Weipa Airport,locality_road_representative_point,QLD,Weipa Town,-12.6803811,141.9241455,False,312281,0.0,nearest,Nearest graph node is already in a pre-closure hub-connected component.,True,False,False,9,0,0,True,State Border,,isolated_full_closures,medium,Place cannot reach any modelled hub after active impassable closures are blocked.,"[{""closure_id"": ""qld.qldtraffic.c2c40b9b2bf9490345cd"", ""source_event_id"": ""829082"", ""distance_m"": 147239.0, ""category_norm"": ""road_closed"", ""passability_norm"": ""impassable"", ""status_norm"": ""active"", ""reason_norm"": ""fire"", ""title"": """", ""description"": ""Near Archer River Roadhouse | Road closed to all traffic"", ""road_name"": ""Peninsula Developmental Road"", ""locality"": ""Coen"", ""restrictions_text"": ""Emergency services are on scene/en-route"", ""raw_advice"": ""Emergency services are on scene/en-route"", ""raw_event_type"": ""Hazard"", ""raw_event_subtype"": ""Fire"", ""raw_impact_type"": ""Closures"", ""raw_impact_subtype"": ""Road closed to all traffic"", ""url"": ""https://api.qldtraffic.qld.gov.au/v2/events/829082""}, {""closure_id"": ""qld.qldtraffic.92e816fe3b6cf5bd28bc"", ""source_event_id"": ""770764"", ""distance_m"": 373396.8, ""category_norm"": ""road_closed"", ""passability_norm"": ""impassable"", ""status_norm"": ""active"", ""reason_norm"": ""flood"", ""title"": """", ""description"": ""Dunbar to Koolatah | Road closed to all traffic"", ""road_name"": ""Dunbar Koolatah Road / Dunbar Kowanyama Road / Koolatah Access"", ""locality"": ""Maramie / Yagoonya"", ""restrictions_text"": ""Do not drive in flood waters"", ""raw_advice"": ""Do not drive in flood waters"", ""raw_event_type"": ""Flooding"", ""raw_event_subtype"": ""Long-term flooding"", ""raw_impact_type"": ""Closures"", ""raw_impact_subtype"": ""Road closed to all traffic"", ""url"": ""https://api.qldtraffic.qld.gov.au/v2/events/770764""}, {""closure_id"": ""qld.qldtraffic.78122eb3ca8e33ecc8f2"", ""source_event_id"": ""783356"", ""distance_m"": 804038.9, ""category_norm"": ""road_closed"", ""passability_norm"": ""impassable"", ""status_norm"": ""active"", ""reason_norm"": ""flood"", ""title"": """", ""description"": ""Gregory Downs - Camooweal Road to Old Herbert Vale Road (Mount Isa LGA Only) | Road closed to all traffic"", ""road_name"": ""Riversleigh Road"", ""locality"": ""Lawn Hill"", ""restrictions_text"": ""Do not drive in flood waters"", ""raw_advice"": ""Do not drive in flood waters"", ""raw_event_type"": ""Flooding"", ""raw_event_subtype"": ""Long-term flooding"", ""raw_impact_type"": ""Closures"", ""raw_impact_subtype"": ""Road closed to all traffic"", ""url"": ""https://api.qldtraffic.qld.gov.au/v2/events/783356""}, {""closure_id"": ""qld.qldtraffic.0cc5d251bf8a8cfb5d25"", ""source_event_id"": ""788811"", ""distance_m"": 1567249.4, ""category_norm"": ""road_closed"", ""passability_norm"": ""impassable"", ""status_norm"": ""active"", ""reason_norm"": ""flood"", ""title"": """", ""description"": ""Mount Sunlight Road is closed to through traffic due to road damage | Road closed to through traffic"", ""road_name"": ""Mount Sunlight Road"", ""locality"": ""Humboldt"", ""restrictions_text"": ""Changed traffic conditions"", ""raw_advice"": ""Changed traffic conditions"", ""raw_event_type"": ""Hazard"", ""raw_event_subtype"": ""Road damage"", ""raw_impact_type"": ""Closures"", ""raw_impact_subtype"": ""Road closed to through traffic"", ""url"": ""https://api.qldtraffic.qld.gov.au/v2/events/788811""}, {""closure_id"": ""qld.qldtraffic.f86be34ccf786f961abb"", ""source_event_id"": ""787707"", ""distance_m"": 1659280.4, ""category_norm"": ""road_closed"", ""passability_norm"": ""impassable"", ""status_norm"": ""active"", ""reason_norm"": ""flood"", ""title"": """", ""description"": ""Avoid the area | Road closed to all traffic"", ""road_name"": ""Banana Mungi Road"", ""locality"": ""Banana"", ""restrictions_text"": ""Avoid the area"", ""raw_advice"": ""Avoid the area"", ""raw_event_type"": ""Hazard"", ""raw_event_subtype"": ""Road damage"", ""raw_impact_type"": ""Closures"", ""raw_impact_subtype"": ""Road closed to all traffic"", ""url"": ""https://api.qldtraffic.qld.gov.au/v2/events/787707""}]",,,
